# alpha,l1_mean,l1_std
1.353047774579807481e+02,4.250712158800068474e-02,5.415067901271323168e-03
1.917910261672488730e+02,3.458572804381652988e-02,8.573472209127555935e-03
2.718588242732940330e+02,2.986235905419357822e-02,5.870272874056117578e-03
