# alpha,l1_mean,l1_std
3.853528593710527161e+02,2.754594313608173944e-02,5.003862483088226086e-03
